{
  "joint_pos": [
    [
      -0.2800000011920929,
      0.0,
      0.0,
      0.5,
      -0.23000000417232513,
      0.0,
      -0.2800000011920929,
      0.0,
      0.0,
      0.5,
      -0.23000000417232513,
      0.0,
      0.0,
      0.0,
      0.0,
      0.3499999940395355,
      0.1599999964237213,
      0.0,
      0.8700000047683716,
      0.0,
      0.0,
      0.0,
      0.3499999940395355,
      -0.1599999964237213,
      0.0,
      0.8700000047683716,
      0.0,
      0.0,
      0.0
    ]
  ],
  "root_quat": [
    [
      1.0,
      0.0,
      0.0,
      0.0
    ]
  ],
  "root_pos": [
    [
      0.0,
      0.0,
      0.7799999713897705
    ]
  ]
}